{"cameraMode":{"drawMode":0,"name":"Shaded","section":"Shading Mode"},"sceneLighting":true,"audioPlay":false,"sceneViewState":{"showFog":true,"showMaterialUpdate":false,"showSkybox":true,"showFlares":true,"showImageEffects":true,"showParticleSystems":true,"showVisualEffectGraphs":true,"m_FxEnabled":true},"in2DMode":false,"pivot":{"x":16.075685501098634,"y":-1.7606048583984376,"z":9.700610160827637},"rotation":{"x":0.5879244804382324,"y":-0.004124300088733435,"z":0.003000750206410885,"w":0.8089027404785156},"size":10.701118469238282,"orthographic":false}