{"cameraMode":{"drawMode":0,"name":"Shaded","section":"Shading Mode"},"sceneLighting":true,"audioPlay":false,"sceneViewState":{"showFog":true,"showMaterialUpdate":false,"showSkybox":true,"showFlares":true,"showImageEffects":true,"showParticleSystems":true,"showVisualEffectGraphs":true,"m_FxEnabled":true},"in2DMode":false,"pivot":{"x":7.8924970626831059,"y":-47.90761947631836,"z":27.14982032775879},"rotation":{"x":0.5455744862556458,"y":0.015592464245855809,"z":-0.010137099772691727,"w":0.8378307223320007},"size":35.12117004394531,"orthographic":false}