{"cameraMode":{"drawMode":0,"name":"Shaded","section":"Shading Mode"},"sceneLighting":true,"audioPlay":false,"sceneViewState":{"showFog":true,"showMaterialUpdate":false,"showSkybox":true,"showFlares":true,"showImageEffects":true,"showParticleSystems":true},"in2DMode":false,"pivot":{"x":8.06020736694336,"y":-0.9590911865234375,"z":8.311624526977539},"rotation":{"x":0.006664712447673082,"y":0.7869961261749268,"z":-0.616878867149353,"w":0.00849989429116249},"size":16.96002960205078,"orthographic":false}