{"cameraMode":{"drawMode":0,"name":"Shaded","section":"Shading Mode"},"sceneLighting":true,"audioPlay":false,"sceneViewState":{"showFog":true,"showMaterialUpdate":false,"showSkybox":true,"showFlares":true,"showImageEffects":true,"showParticleSystems":true},"in2DMode":false,"pivot":{"x":7.485764980316162,"y":0.2740432620048523,"z":8.853612899780274},"rotation":{"x":-0.07689719647169113,"y":0.7949734330177307,"z":-0.5928956270217896,"w":-0.10313060879707337},"size":16.723918914794923,"orthographic":false}