{"cameraMode":{"drawMode":0,"name":"Shaded","section":"Shading Mode"},"sceneLighting":true,"audioPlay":false,"sceneViewState":{"showFog":true,"showMaterialUpdate":false,"showSkybox":true,"showFlares":true,"showImageEffects":true,"showParticleSystems":true},"in2DMode":false,"pivot":{"x":8.784863471984864,"y":0.3016439974308014,"z":8.957324981689454},"rotation":{"x":-0.09212684631347656,"y":0.8256802558898926,"z":-0.5383811593055725,"w":-0.14131343364715577},"size":27.521875381469728,"orthographic":false}